mrr,recall@5,ndcg@5,recall@10,ndcg@10,recall@20,ndcg@20
0.18,0.1,0.08288598500236949,0.1,0.08288598500236949,0.25,0.14348828565322372
